albert,942769698,/sum sdfgalbert,942769698,/sum hialbert,942769698,/sum 2 5albert,942769698,/sum hialbert,942769698,/sum helloalbert,942769698,/hialbert,942769698,/timealbert,942769698,/hi
albert,942769698,/sum 1 1
albert,942769698,/hi
albert,942769698,/sum 4 6
albert,942769698,/hi
albert,942769698,/sum 33  5
albert,942769698, /hi
albert,942769698, /sum 1 1
albert,942769698, /sum 1 1
albert,942769698, /hi
albert,942769698, /hi
albert,942769698, /minus 3 5
albert,942769698, /hi
albert,942769698, /sum 32 3
albert,942769698, /minus 3 2
albert,942769698, /minus 5 8
albert,942769698, /hi
albert,942769698, /hi
albert,942769698, /hi
albert,942769698, /help
albert,942769698, /time
albert,942769698, /hi
albert,942769698, /hi
albert,942769698, /time
albert,942769698, /hi
albert,942769698, /hi
albert,942769698, /hi
albert,942769698, /hi
albert,942769698, /hi1
albert,942769698, /help
albert,942769698, /root 3
albert,942769698, /root
albert,942769698, /root 33
albert,942769698, /help
albert,942769698, /time
albert,942769698, /help
albert,942769698, /hi1
albert,942769698, /hi
albert,942769698, /hi
albert,942769698, /hi
albert,942769698, /root 5
albert,942769698, /root 4
albert,942769698, /hi
albert,942769698, /root 33
albert,942769698, /root
3
albert,942769698, /root
albert,942769698, /root 233
albert,942769698, /root 2
albert,942769698, /root 3
albert,942769698, /root 3
albert,942769698, /root 2
albert,942769698, /root 33
albert,942769698, /root 3
albert,942769698, /root 33
albert,942769698, /g
albert,942769698, 333
albert,942769698, /g 3
albert,942769698, /g
albert,942769698, /g
albert,942769698, /g
albert,942769698, /g 3
albert,942769698, 43
albert,942769698, /g 333
albert,942769698, /g 33
albert,942769698, /g 3
albert,942769698, /g 33
albert,942769698, /g 3
albert,942769698, /g 2
albert,942769698, /g
albert,942769698, /g
albert,942769698, /g 33
albert,942769698, /g 3
albert,942769698, /g 4
albert,942769698, d
albert,942769698, jj
albert,942769698, 64544
albert,942769698, /g
albert,942769698, 33
albert,942769698, 4
albert,942769698, 444
albert,942769698, 5
albert,942769698, 1
albert,942769698, 4
albert,942769698, 6
albert,942769698, 5
albert,942769698, 33
albert,942769698, 5
albert,942769698, 4
albert,942769698, 6
albert,942769698, 4
albert,942769698, 5
albert,942769698, 4
albert,942769698, /g
albert,942769698, 33
albert,942769698, 4
albert,942769698, 27
albert,942769698, 23
albert,942769698, 65
albert,942769698, /g
albert,942769698, 3
albert,942769698, 4
albert,942769698, 2
albert,942769698, 88
albert,942769698, 6
albert,942769698, 1
albert,942769698, 1
albert,942769698, 3
albert,942769698, 4
albert,942769698, 5
albert,942769698, 1
albert,942769698, 4
albert,942769698, 2
albert,942769698, /g
albert,942769698, 33
albert,942769698, 4
albert,942769698, /g
albert,942769698, 24
albert,942769698, d
albert,942769698, f
albert,942769698, sdry
albert,942769698, r
albert,942769698, 33
albert,942769698, f
albert,942769698, 33
albert,942769698, 2
albert,942769698, /g
albert,942769698, 4
albert,942769698, 2
albert,942769698, 3
albert,942769698, 33
albert,942769698, 4
albert,942769698, 5
albert,942769698, 5
albert,942769698, 3
albert,942769698, 33
albert,942769698, 4
albert,942769698, \
albert,942769698, 4
albert,942769698, 3
albert,942769698, 4
albert,942769698, 87
albert,942769698, 8
albert,942769698, 4
albert,942769698, 3
albert,942769698, 4
albert,942769698, 6
albert,942769698, /g
albert,942769698, 33
albert,942769698, 33
albert,942769698, 3
albert,942769698, 33
albert,942769698, 3
albert,942769698, 3
albert,942769698, 3
albert,942769698, 3
albert,942769698, 3
albert,942769698, 4
albert,942769698, /g
albert,942769698, 33
albert,942769698, 4
albert,942769698, 6
albert,942769698, 33
albert,942769698, 5
albert,942769698, 2
albert,942769698, /g 44
albert,942769698, /g 3
albert,942769698, g
albert,942769698, /g
albert,942769698, 5
albert,942769698, 4
albert,942769698, 4
albert,942769698, 33
albert,942769698, 4
albert,942769698, 1
albert,942769698, 4
albert,942769698, 5
albert,942769698, 4
albert,942769698, 99
albert,942769698, /g
albert,942769698, 4
albert,942769698, 4
albert,942769698, 5
albert,942769698, 5
albert,942769698, 4
albert,942769698, 5
albert,942769698, 6
albert,942769698, 5
albert,942769698, /g
albert,942769698, 5
albert,942769698, 55
albert,942769698, 3
albert,942769698, 2
albert,942769698, 4
albert,942769698, 4
albert,942769698, 4
albert,942769698, 4
albert,942769698, 44
albert,942769698, 44
albert,942769698, 44
albert,942769698, 44
albert,942769698, 4
albert,942769698, 4
albert,942769698, 6
albert,942769698, 5
albert,942769698, 4
albert,942769698, 6
albert,942769698, 7
albert,942769698, 5
albert,942769698, /g
albert,942769698, 6
albert,942769698, 3
albert,942769698, 3
albert,942769698, 44
albert,942769698, g343r52354
albert,942769698, /root
albert,942769698, /root 3
albert,942769698, /root
albert,942769698, 33
albert,942769698, /root 3
albert,942769698, 3
albert,942769698, 4
albert,942769698, 3
albert,942769698, 4
albert,942769698, 5
albert,942769698, 2
albert,942769698, 2
albert,942769698, 33
albert,942769698, 2
albert,942769698, 5
albert,942769698, 2
albert,942769698, 7
albert,942769698, 6
albert,942769698, 33
albert,942769698, 4
albert,942769698, 27
albert,942769698, 4
albert,942769698, -99
albert,942769698, 4
albert,942769698, 5
albert,942769698, 33
albert,942769698, 5
albert,942769698, f
albert,942769698, 3
albert,942769698, 4
albert,942769698, 5
albert,942769698, 1
albert,942769698, 1
albert,942769698, d
albert,942769698, r
albert,942769698, s
albert,942769698, v
albert,942769698, n
albert,942769698, /hi
albert,942769698, /hi
